DATASET,#TRAINING_RELEASES,%TRAINING_INSTANCES,CLASSIFIER,FEATURE_SELECTION,BALANCING,COST_SENSITIVE,PRECISION,RECALL,AREA_UNDER_ROC,KAPPA,TRUE_POSITIVES,FALSE_POSITIVES,TRUE_NEGATIVES,FALSE_NEGATIVES
STORM,3,60.474777448071215,RandomForest,None,None,None,NaN,0.0,0.5,0.0,0.0,0.0,418.0,248.0
STORM,3,60.474777448071215,NaiveBayes,None,None,None,0.007326007326007326,0.008064516129032258,0.13666267942583732,-0.6273998241783173,2.0,271.0,147.0,246.0
STORM,3,60.474777448071215,IBk,None,None,None,NaN,0.0,0.48546264855687604,0.0,0.0,0.0,418.0,248.0
STORM,3,60.474777448071215,RandomForest,BestFirst,None,None,NaN,0.0,0.5,0.0,0.0,0.0,418.0,248.0
STORM,3,60.474777448071215,NaiveBayes,BestFirst,None,None,NaN,0.0,0.3066348973607038,0.0,0.0,0.0,418.0,248.0
STORM,3,60.474777448071215,IBk,BestFirst,None,None,NaN,0.0,0.7585950764006791,0.0,0.0,0.0,418.0,248.0
STORM,3,60.474777448071215,RandomForest,None,None,SensitiveLearning,NaN,0.0,0.5,0.0,0.0,0.0,418.0,248.0
STORM,3,60.474777448071215,NaiveBayes,None,None,SensitiveLearning,0.007326007326007326,0.008064516129032258,0.13666267942583732,-0.6273998241783173,2.0,271.0,147.0,246.0
STORM,3,60.474777448071215,IBk,None,None,SensitiveLearning,NaN,0.0,0.48546264855687604,0.0,0.0,0.0,418.0,248.0
STORM,3,60.474777448071215,RandomForest,BestFirst,None,SensitiveLearning,NaN,0.0,0.5,0.0,0.0,0.0,418.0,248.0
STORM,3,60.474777448071215,NaiveBayes,BestFirst,None,SensitiveLearning,NaN,0.0,0.3066348973607038,0.0,0.0,0.0,418.0,248.0
STORM,3,60.474777448071215,IBk,BestFirst,None,SensitiveLearning,NaN,0.0,0.7585950764006791,0.0,0.0,0.0,418.0,248.0
STORM,3,60.474777448071215,RandomForest,None,SMOTE,None,NaN,0.0,0.5,0.0,0.0,0.0,418.0,248.0
STORM,3,60.474777448071215,NaiveBayes,None,SMOTE,None,0.007326007326007326,0.008064516129032258,0.13666267942583732,-0.6273998241783173,2.0,271.0,147.0,246.0
STORM,3,60.474777448071215,IBk,None,SMOTE,None,NaN,0.0,0.48546264855687604,0.0,0.0,0.0,418.0,248.0
STORM,3,60.474777448071215,RandomForest,BestFirst,SMOTE,None,NaN,0.0,0.5,0.0,0.0,0.0,418.0,248.0
STORM,3,60.474777448071215,NaiveBayes,BestFirst,SMOTE,None,NaN,0.0,0.3066348973607038,0.0,0.0,0.0,418.0,248.0
STORM,3,60.474777448071215,IBk,BestFirst,SMOTE,None,NaN,0.0,0.7585950764006791,0.0,0.0,0.0,418.0,248.0
STORM,3,60.474777448071215,RandomForest,None,SMOTE,SensitiveLearning,NaN,0.0,0.48546264855687604,0.0,0.0,0.0,418.0,248.0
STORM,3,60.474777448071215,NaiveBayes,None,SMOTE,SensitiveLearning,NaN,0.0,0.48546264855687604,0.0,0.0,0.0,418.0,248.0
STORM,3,60.474777448071215,IBk,None,SMOTE,SensitiveLearning,NaN,0.0,0.48546264855687604,0.0,0.0,0.0,418.0,248.0
STORM,3,60.474777448071215,RandomForest,BestFirst,SMOTE,SensitiveLearning,NaN,0.0,0.7585950764006791,0.0,0.0,0.0,418.0,248.0
STORM,3,60.474777448071215,NaiveBayes,BestFirst,SMOTE,SensitiveLearning,NaN,0.0,0.7585950764006791,0.0,0.0,0.0,418.0,248.0
STORM,3,60.474777448071215,IBk,BestFirst,SMOTE,SensitiveLearning,NaN,0.0,0.7585950764006791,0.0,0.0,0.0,418.0,248.0
STORM,4,98.76905041031652,RandomForest,None,None,None,0.0,NaN,NaN,0.0,0.0,3.0,18.0,0.0
STORM,4,98.76905041031652,NaiveBayes,None,None,None,0.0,NaN,NaN,0.0,0.0,20.0,1.0,0.0
STORM,4,98.76905041031652,IBk,None,None,None,0.0,NaN,NaN,0.0,0.0,3.0,18.0,0.0
STORM,4,98.76905041031652,RandomForest,BestFirst,None,None,0.0,NaN,NaN,0.0,0.0,1.0,20.0,0.0
STORM,4,98.76905041031652,NaiveBayes,BestFirst,None,None,0.0,NaN,NaN,0.0,0.0,1.0,20.0,0.0
STORM,4,98.76905041031652,IBk,BestFirst,None,None,0.0,NaN,NaN,0.0,0.0,1.0,20.0,0.0
STORM,4,98.76905041031652,RandomForest,None,None,SensitiveLearning,0.0,NaN,NaN,0.0,0.0,3.0,18.0,0.0
STORM,4,98.76905041031652,NaiveBayes,None,None,SensitiveLearning,0.0,NaN,NaN,0.0,0.0,20.0,1.0,0.0
STORM,4,98.76905041031652,IBk,None,None,SensitiveLearning,0.0,NaN,NaN,0.0,0.0,3.0,18.0,0.0
STORM,4,98.76905041031652,RandomForest,BestFirst,None,SensitiveLearning,0.0,NaN,NaN,0.0,0.0,3.0,18.0,0.0
STORM,4,98.76905041031652,NaiveBayes,BestFirst,None,SensitiveLearning,0.0,NaN,NaN,0.0,0.0,1.0,20.0,0.0
STORM,4,98.76905041031652,IBk,BestFirst,None,SensitiveLearning,0.0,NaN,NaN,0.0,0.0,3.0,18.0,0.0
STORM,4,98.76905041031652,RandomForest,None,SMOTE,None,0.0,NaN,NaN,0.0,0.0,3.0,18.0,0.0
STORM,4,98.76905041031652,NaiveBayes,None,SMOTE,None,0.0,NaN,NaN,0.0,0.0,20.0,1.0,0.0
STORM,4,98.76905041031652,IBk,None,SMOTE,None,0.0,NaN,NaN,0.0,0.0,3.0,18.0,0.0
STORM,4,98.76905041031652,RandomForest,BestFirst,SMOTE,None,0.0,NaN,NaN,0.0,0.0,1.0,20.0,0.0
STORM,4,98.76905041031652,NaiveBayes,BestFirst,SMOTE,None,0.0,NaN,NaN,0.0,0.0,1.0,20.0,0.0
STORM,4,98.76905041031652,IBk,BestFirst,SMOTE,None,0.0,NaN,NaN,0.0,0.0,1.0,20.0,0.0
STORM,4,98.76905041031652,RandomForest,None,SMOTE,SensitiveLearning,0.0,NaN,NaN,0.0,0.0,3.0,18.0,0.0
STORM,4,98.76905041031652,NaiveBayes,None,SMOTE,SensitiveLearning,0.0,NaN,NaN,0.0,0.0,3.0,18.0,0.0
STORM,4,98.76905041031652,IBk,None,SMOTE,SensitiveLearning,0.0,NaN,NaN,0.0,0.0,3.0,18.0,0.0
STORM,4,98.76905041031652,RandomForest,BestFirst,SMOTE,SensitiveLearning,0.0,NaN,NaN,0.0,0.0,3.0,18.0,0.0
STORM,4,98.76905041031652,NaiveBayes,BestFirst,SMOTE,SensitiveLearning,0.0,NaN,NaN,0.0,0.0,3.0,18.0,0.0
STORM,4,98.76905041031652,IBk,BestFirst,SMOTE,SensitiveLearning,0.0,NaN,NaN,0.0,0.0,3.0,18.0,0.0
STORM,5,67.59112519809825,RandomForest,None,None,None,0.7466666666666667,0.29473684210526313,0.7574086490110626,0.3352419397673555,56.0,19.0,609.0,134.0
STORM,5,67.59112519809825,NaiveBayes,None,None,None,0.7130434782608696,0.43157894736842106,0.6501927589674824,0.439535448758443,82.0,33.0,595.0,108.0
STORM,5,67.59112519809825,IBk,None,None,None,0.6666666666666666,0.24210526315789474,0.7483238350653705,0.26414281251009997,46.0,23.0,605.0,144.0
STORM,5,67.59112519809825,RandomForest,BestFirst,None,None,0.6470588235294118,0.4052631578947368,0.7407978545088837,0.3890875099979765,77.0,42.0,586.0,113.0
STORM,5,67.59112519809825,NaiveBayes,BestFirst,None,None,0.9318181818181818,0.43157894736842106,0.7048650687227623,0.5192303726464704,82.0,6.0,622.0,108.0
STORM,5,67.59112519809825,IBk,BestFirst,None,None,0.6792452830188679,0.37894736842105264,0.7707006369426752,0.38401173160001595,72.0,34.0,594.0,118.0
STORM,5,67.59112519809825,RandomForest,None,None,SensitiveLearning,0.5461538461538461,0.3736842105263158,0.7517641635936976,0.31435298549632723,71.0,59.0,569.0,119.0
STORM,5,67.59112519809825,NaiveBayes,None,None,SensitiveLearning,0.21888412017167383,0.8052631578947368,0.6501927589674824,-0.033172870692531324,153.0,546.0,82.0,37.0
STORM,5,67.59112519809825,IBk,None,None,SensitiveLearning,0.5822784810126582,0.24210526315789474,0.7483238350653705,0.23805664607255997,46.0,33.0,595.0,144.0
STORM,5,67.59112519809825,RandomForest,BestFirst,None,SensitiveLearning,0.5644171779141104,0.4842105263157895,0.7461112973516594,0.3905049952824782,92.0,71.0,557.0,98.0
STORM,5,67.59112519809825,NaiveBayes,BestFirst,None,SensitiveLearning,0.8969072164948454,0.45789473684210524,0.7048650687227623,0.5329398805493517,87.0,10.0,618.0,103.0
STORM,5,67.59112519809825,IBk,BestFirst,None,SensitiveLearning,0.631578947368421,0.37894736842105264,0.7707006369426752,0.3626553430207644,72.0,42.0,586.0,118.0
STORM,5,67.59112519809825,RandomForest,None,SMOTE,None,0.7283950617283951,0.3105263157894737,0.7612386858866913,0.344393340946474,59.0,22.0,606.0,131.0
STORM,5,67.59112519809825,NaiveBayes,None,SMOTE,None,0.21963824289405684,0.8947368421052632,0.6627430439155213,-0.03236036502491743,170.0,604.0,24.0,20.0
STORM,5,67.59112519809825,IBk,None,SMOTE,None,0.6091954022988506,0.2789473684210526,0.7488518270197787,0.27721339768299835,53.0,34.0,594.0,137.0
STORM,5,67.59112519809825,RandomForest,BestFirst,SMOTE,None,0.625,0.4473684210526316,0.749006872276232,0.4064412897464044,85.0,51.0,577.0,105.0
STORM,5,67.59112519809825,NaiveBayes,BestFirst,SMOTE,None,0.9139784946236559,0.4473684210526316,0.7251299027824338,0.5287682127308135,85.0,8.0,620.0,105.0
STORM,5,67.59112519809825,IBk,BestFirst,SMOTE,None,0.6517857142857143,0.38421052631578945,0.7683665772712035,0.3759267591306559,73.0,39.0,589.0,117.0
STORM,5,67.59112519809825,RandomForest,None,SMOTE,SensitiveLearning,0.5398230088495575,0.32105263157894737,0.7363266845457593,0.2774627404667321,61.0,52.0,576.0,129.0
STORM,5,67.59112519809825,NaiveBayes,None,SMOTE,SensitiveLearning,0.5398230088495575,0.32105263157894737,0.7363266845457593,0.2774627404667321,61.0,52.0,576.0,129.0
STORM,5,67.59112519809825,IBk,None,SMOTE,SensitiveLearning,0.5398230088495575,0.32105263157894737,0.7363266845457593,0.2774627404667321,61.0,52.0,576.0,129.0
STORM,5,67.59112519809825,RandomForest,BestFirst,SMOTE,SensitiveLearning,0.6178343949044586,0.5105263157894737,0.7765672142138786,0.4417403406100292,97.0,60.0,568.0,93.0
STORM,5,67.59112519809825,NaiveBayes,BestFirst,SMOTE,SensitiveLearning,0.6178343949044586,0.5105263157894737,0.7765672142138786,0.4417403406100292,97.0,60.0,568.0,93.0
STORM,5,67.59112519809825,IBk,BestFirst,SMOTE,SensitiveLearning,0.6178343949044586,0.5105263157894737,0.7765672142138786,0.4417403406100292,97.0,60.0,568.0,93.0
STORM,6,73.18063206726588,RandomForest,None,None,None,0.6020408163265306,0.33810888252148996,0.6831398241006049,0.2218574147126324,118.0,78.0,498.0,231.0
STORM,6,73.18063206726588,NaiveBayes,None,None,None,0.551948051948052,0.4871060171919771,0.7054083094555874,0.25338836536037734,170.0,138.0,438.0,179.0
STORM,6,73.18063206726588,IBk,None,None,None,0.5454545454545454,0.30945558739255014,0.6927580786373766,0.16748465757223915,108.0,90.0,486.0,241.0
STORM,6,73.18063206726588,RandomForest,BestFirst,None,None,0.6190476190476191,0.18624641833810887,0.6380357569245463,0.135464143541222,65.0,40.0,536.0,284.0
STORM,6,73.18063206726588,NaiveBayes,BestFirst,None,None,0.6747967479674797,0.23782234957020057,0.5906633038841134,0.19300576485547952,83.0,40.0,536.0,266.0
STORM,6,73.18063206726588,IBk,BestFirst,None,None,0.6036036036036037,0.19197707736389685,0.6161005651066539,0.133531788220285,67.0,44.0,532.0,282.0
STORM,6,73.18063206726588,RandomForest,None,None,SensitiveLearning,0.5587044534412956,0.3954154727793696,0.6934321275071633,0.21877886691264578,138.0,109.0,467.0,211.0
STORM,6,73.18063206726588,NaiveBayes,None,None,SensitiveLearning,0.5730027548209367,0.5959885386819485,0.7053635386819485,0.32432765913342193,208.0,155.0,421.0,141.0
STORM,6,73.18063206726588,IBk,None,None,SensitiveLearning,0.5454545454545454,0.30945558739255014,0.6927580786373766,0.16748465757223915,108.0,90.0,486.0,241.0
STORM,6,73.18063206726588,RandomForest,BestFirst,None,SensitiveLearning,0.5427631578947368,0.47277936962750716,0.6374562241324419,0.23749403444834927,165.0,139.0,437.0,184.0
STORM,6,73.18063206726588,NaiveBayes,BestFirst,None,SensitiveLearning,0.549407114624506,0.3982808022922636,0.5906633038841134,0.21184675586972998,139.0,114.0,462.0,210.0
STORM,6,73.18063206726588,IBk,BestFirst,None,SensitiveLearning,0.5397350993377483,0.4670487106017192,0.6161005651066539,0.23188265083205803,163.0,139.0,437.0,186.0
STORM,6,73.18063206726588,RandomForest,None,SMOTE,None,0.5583333333333333,0.3839541547277937,0.6767749124482649,0.21303719802281978,134.0,106.0,470.0,215.0
STORM,6,73.18063206726588,NaiveBayes,None,SMOTE,None,0.3778280542986425,0.9570200573065902,0.7083606932505572,0.0016580928493791502,334.0,550.0,26.0,15.0
STORM,6,73.18063206726588,IBk,None,SMOTE,None,0.5527426160337553,0.3753581661891118,0.6960338069086278,0.20424614469603639,131.0,106.0,470.0,218.0
STORM,6,73.18063206726588,RandomForest,BestFirst,SMOTE,None,0.5126903553299492,0.28939828080229224,0.6355360553963706,0.1342533138889495,101.0,96.0,480.0,248.0
STORM,6,73.18063206726588,NaiveBayes,BestFirst,SMOTE,None,0.5477178423236515,0.37822349570200575,0.6636894102196753,0.20125976076200183,132.0,109.0,467.0,217.0
STORM,6,73.18063206726588,IBk,BestFirst,SMOTE,None,0.5380434782608695,0.2836676217765043,0.6877462392550143,0.1500796778873979,99.0,85.0,491.0,250.0
STORM,6,73.18063206726588,RandomForest,None,SMOTE,SensitiveLearning,0.5783582089552238,0.44412607449856734,0.70167741165234,0.25982833803800737,155.0,113.0,463.0,194.0
STORM,6,73.18063206726588,NaiveBayes,None,SMOTE,SensitiveLearning,0.5783582089552238,0.44412607449856734,0.70167741165234,0.25982833803800737,155.0,113.0,463.0,194.0
STORM,6,73.18063206726588,IBk,None,SMOTE,SensitiveLearning,0.5783582089552238,0.44412607449856734,0.70167741165234,0.25982833803800737,155.0,113.0,463.0,194.0
STORM,6,73.18063206726588,RandomForest,BestFirst,SMOTE,SensitiveLearning,0.5424528301886793,0.32951289398280803,0.6843113260108246,0.17461699586735638,115.0,97.0,479.0,234.0
STORM,6,73.18063206726588,NaiveBayes,BestFirst,SMOTE,SensitiveLearning,0.5424528301886793,0.32951289398280803,0.6843113260108246,0.17461699586735638,115.0,97.0,479.0,234.0
STORM,6,73.18063206726588,IBk,BestFirst,SMOTE,SensitiveLearning,0.5424528301886793,0.32951289398280803,0.6843113260108246,0.17461699586735638,115.0,97.0,479.0,234.0
STORM,7,72.56469598148537,RandomForest,None,None,None,0.8971631205673759,0.46379468377635197,0.6075874741267648,0.09595977021408737,506.0,58.0,155.0,585.0
STORM,7,72.56469598148537,NaiveBayes,None,None,None,0.9003831417624522,0.2153987167736022,0.8276509038957238,0.036345020469105364,235.0,26.0,187.0,856.0
STORM,7,72.56469598148537,IBk,None,None,None,0.9290382819794585,0.9120073327222732,0.7864602832393075,0.5349867102333276,995.0,76.0,137.0,96.0
STORM,7,72.56469598148537,RandomForest,BestFirst,None,None,0.8849557522123894,0.27497708524289644,0.45548727746866163,0.037956591071107965,300.0,39.0,174.0,791.0
STORM,7,72.56469598148537,NaiveBayes,BestFirst,None,None,0.9643175735950045,0.9908340971585701,0.90826351325183,0.8512861919685419,1081.0,40.0,173.0,10.0
STORM,7,72.56469598148537,IBk,BestFirst,None,None,0.7911227154046997,0.2777268560953254,0.45783899854980786,-0.04186526017360246,303.0,80.0,133.0,788.0
STORM,7,72.56469598148537,RandomForest,None,None,SensitiveLearning,0.8500727802037845,0.535288725939505,0.54583381744792,0.029333307300501134,584.0,103.0,110.0,507.0
STORM,7,72.56469598148537,NaiveBayes,None,None,SensitiveLearning,0.8972222222222223,0.29605866177818513,0.8276573587568798,0.05138697107494776,323.0,37.0,176.0,768.0
STORM,7,72.56469598148537,IBk,None,None,SensitiveLearning,0.9273066169617894,0.9120073327222732,0.7864602832393075,0.5278606654597665,995.0,78.0,135.0,96.0
STORM,7,72.56469598148537,RandomForest,BestFirst,None,SensitiveLearning,0.8651863600317209,1.0,0.4549687369558014,0.29738261712930947,1091.0,170.0,43.0,0.0
STORM,7,72.56469598148537,NaiveBayes,BestFirst,None,SensitiveLearning,0.9322469982847341,0.9963336388634281,0.90826351325183,0.728684735633567,1087.0,79.0,134.0,4.0
STORM,7,72.56469598148537,IBk,BestFirst,None,SensitiveLearning,0.8658730158730159,1.0,0.4625983828421184,0.30345403054516046,1091.0,169.0,44.0,0.0
STORM,7,72.56469598148537,RandomForest,None,SMOTE,None,0.8963414634146342,0.538955087076077,0.7444520468364726,0.12060054612281149,588.0,68.0,145.0,503.0
STORM,7,72.56469598148537,NaiveBayes,None,SMOTE,None,0.9623655913978495,0.9844179651695693,0.9118588709156866,0.82625740713976,1074.0,42.0,171.0,17.0
STORM,7,72.56469598148537,IBk,None,SMOTE,None,0.9173478655767484,0.925756186984418,0.7499150109947802,0.5081252494594133,1010.0,91.0,122.0,81.0
STORM,7,72.56469598148537,RandomForest,BestFirst,SMOTE,None,0.8855218855218855,0.4821264894592117,0.6293661756668948,0.08400545092172947,526.0,68.0,145.0,565.0
STORM,7,72.56469598148537,NaiveBayes,BestFirst,SMOTE,None,0.9600355239786856,0.9908340971585701,0.9317979370263746,0.8347602503018181,1081.0,45.0,168.0,10.0
STORM,7,72.56469598148537,IBk,BestFirst,SMOTE,None,0.8717948717948718,0.43629697525206235,0.5826136163144464,0.053044920044610394,476.0,70.0,143.0,615.0
STORM,7,72.56469598148537,RandomForest,None,SMOTE,SensitiveLearning,0.9012658227848102,0.9789184234647113,0.6589767754095609,0.5223868101738722,1068.0,117.0,96.0,23.0
STORM,7,72.56469598148537,NaiveBayes,None,SMOTE,SensitiveLearning,0.9012658227848102,0.9789184234647113,0.6589767754095609,0.5223868101738722,1068.0,117.0,96.0,23.0
STORM,7,72.56469598148537,IBk,None,SMOTE,SensitiveLearning,0.9012658227848102,0.9789184234647113,0.6589767754095609,0.5223868101738722,1068.0,117.0,96.0,23.0
STORM,7,72.56469598148537,RandomForest,BestFirst,SMOTE,SensitiveLearning,0.8203125,0.48120989917506873,0.4639001131752323,-0.0316935116596804,525.0,115.0,98.0,566.0
STORM,7,72.56469598148537,NaiveBayes,BestFirst,SMOTE,SensitiveLearning,0.8203125,0.48120989917506873,0.4639001131752323,-0.0316935116596804,525.0,115.0,98.0,566.0
STORM,7,72.56469598148537,IBk,BestFirst,SMOTE,SensitiveLearning,0.8203125,0.48120989917506873,0.4639001131752323,-0.0316935116596804,525.0,115.0,98.0,566.0
STORM,8,76.87206857512534,RandomForest,None,None,None,0.07368421052631578,0.358974358974359,0.668012313591034,0.08066528066528078,14.0,176.0,1215.0,25.0
STORM,8,76.87206857512534,NaiveBayes,None,None,None,0.16666666666666666,0.05128205128205128,0.733054987188704,0.06644998194294137,2.0,10.0,1381.0,37.0
STORM,8,76.87206857512534,IBk,None,None,None,0.06224066390041494,0.38461538461538464,0.5822042802632307,0.06316004633099406,15.0,226.0,1165.0,24.0
STORM,8,76.87206857512534,RandomForest,BestFirst,None,None,0.11009174311926606,0.3076923076923077,0.6916533023650205,0.12709586586458432,12.0,97.0,1294.0,27.0
STORM,8,76.87206857512534,NaiveBayes,BestFirst,None,None,0.23333333333333334,0.1794871794871795,0.6208225036406201,0.1835357624831318,7.0,23.0,1368.0,32.0
STORM,8,76.87206857512534,IBk,BestFirst,None,None,0.1095890410958904,0.41025641025641024,0.6376615237147228,0.13577077128479006,16.0,130.0,1261.0,23.0
STORM,8,76.87206857512534,RandomForest,None,None,SensitiveLearning,0.036410923276983094,0.717948717948718,0.6492285572084278,0.018346664135001085,28.0,741.0,650.0,11.0
STORM,8,76.87206857512534,NaiveBayes,None,None,SensitiveLearning,0.15384615384615385,0.05128205128205128,0.733054987188704,0.06416164480680873,2.0,11.0,1380.0,37.0
STORM,8,76.87206857512534,IBk,None,None,SensitiveLearning,0.025974025974025976,0.46153846153846156,0.5817526590351896,-0.002592912705272255,18.0,675.0,716.0,21.0
STORM,8,76.87206857512534,RandomForest,BestFirst,None,SensitiveLearning,0.0341130604288499,0.8974358974358975,0.7009161459197405,0.013910661837576836,35.0,991.0,400.0,4.0
STORM,8,76.87206857512534,NaiveBayes,BestFirst,None,SensitiveLearning,0.12222222222222222,0.28205128205128205,0.6208225036406201,0.13772893772893832,11.0,79.0,1312.0,28.0
STORM,8,76.87206857512534,IBk,BestFirst,None,SensitiveLearning,0.030425963488843813,0.7692307692307693,0.6384818153330015,0.006402456146919518,30.0,956.0,435.0,9.0
STORM,8,76.87206857512534,RandomForest,None,SMOTE,None,0.06542056074766354,0.358974358974359,0.6675791258825048,0.06765614405183469,14.0,200.0,1191.0,25.0
STORM,8,76.87206857512534,NaiveBayes,None,SMOTE,None,0.4444444444444444,0.20512820512820512,0.781129606075688,0.2680947744238864,8.0,10.0,1381.0,31.0
STORM,8,76.87206857512534,IBk,None,SMOTE,None,0.06048387096774194,0.38461538461538464,0.5781949897693967,0.06023535669170949,15.0,233.0,1158.0,24.0
STORM,8,76.87206857512534,RandomForest,BestFirst,SMOTE,None,0.1349206349206349,0.4358974358974359,0.7133679883500157,0.17155340922157075,17.0,109.0,1282.0,22.0
STORM,8,76.87206857512534,NaiveBayes,BestFirst,SMOTE,None,0.3181818181818182,0.1794871794871795,0.6913214990138067,0.21404682274247666,7.0,15.0,1376.0,32.0
STORM,8,76.87206857512534,IBk,BestFirst,SMOTE,None,0.11612903225806452,0.46153846153846156,0.6745562130177515,0.14845663890249847,18.0,137.0,1254.0,21.0
STORM,8,76.87206857512534,RandomForest,None,SMOTE,SensitiveLearning,0.035024154589371984,0.7435897435897436,0.6963077660417704,0.01561912347071968,29.0,799.0,592.0,10.0
STORM,8,76.87206857512534,NaiveBayes,None,SMOTE,SensitiveLearning,0.035024154589371984,0.7435897435897436,0.6963077660417704,0.01561912347071968,29.0,799.0,592.0,10.0
STORM,8,76.87206857512534,IBk,None,SMOTE,SensitiveLearning,0.035024154589371984,0.7435897435897436,0.6963077660417704,0.01561912347071968,29.0,799.0,592.0,10.0
STORM,8,76.87206857512534,RandomForest,BestFirst,SMOTE,SensitiveLearning,0.03451676528599606,0.8974358974358975,0.7457556821323895,0.014724910247298257,35.0,979.0,412.0,4.0
STORM,8,76.87206857512534,NaiveBayes,BestFirst,SMOTE,SensitiveLearning,0.03451676528599606,0.8974358974358975,0.7457556821323895,0.014724910247298257,35.0,979.0,412.0,4.0
STORM,8,76.87206857512534,IBk,BestFirst,SMOTE,SensitiveLearning,0.03451676528599606,0.8974358974358975,0.7457556821323895,0.014724910247298257,35.0,979.0,412.0,4.0
STORM,9,81.20567375886525,RandomForest,None,None,None,0.25,0.0196078431372549,0.5096547314578005,0.03134219701904031,1.0,3.0,1377.0,50.0
STORM,9,81.20567375886525,NaiveBayes,None,None,None,NaN,0.0,0.5747868712702472,0.0,0.0,0.0,1380.0,51.0
STORM,9,81.20567375886525,IBk,None,None,None,0.21428571428571427,0.058823529411764705,0.5266552998010798,0.07815519669822,3.0,11.0,1369.0,48.0
STORM,9,81.20567375886525,RandomForest,BestFirst,None,None,NaN,0.0,0.5,0.0,0.0,0.0,1380.0,51.0
STORM,9,81.20567375886525,NaiveBayes,BestFirst,None,None,NaN,0.0,0.5,0.0,0.0,0.0,1380.0,51.0
STORM,9,81.20567375886525,IBk,BestFirst,None,None,NaN,0.0,0.5,0.0,0.0,0.0,1380.0,51.0
STORM,9,81.20567375886525,RandomForest,None,None,SensitiveLearning,0.05830903790087463,0.39215686274509803,0.5466680875248651,0.04208173546030105,20.0,323.0,1057.0,31.0
STORM,9,81.20567375886525,NaiveBayes,None,None,SensitiveLearning,NaN,0.0,0.5747868712702472,0.0,0.0,0.0,1380.0,51.0
STORM,9,81.20567375886525,IBk,None,None,SensitiveLearning,0.047337278106508875,0.3137254901960784,0.5262219380505826,0.02167056376787429,16.0,322.0,1058.0,35.0
STORM,9,81.20567375886525,RandomForest,BestFirst,None,SensitiveLearning,NaN,0.0,0.5,0.0,0.0,0.0,1380.0,51.0
STORM,9,81.20567375886525,NaiveBayes,BestFirst,None,SensitiveLearning,NaN,0.0,0.5,0.0,0.0,0.0,1380.0,51.0
STORM,9,81.20567375886525,IBk,BestFirst,None,SensitiveLearning,NaN,0.0,0.5,0.0,0.0,0.0,1380.0,51.0
STORM,9,81.20567375886525,RandomForest,None,SMOTE,None,0.26666666666666666,0.0784313725490196,0.5002912759306621,0.10674157303370874,4.0,11.0,1369.0,47.0
STORM,9,81.20567375886525,NaiveBayes,None,SMOTE,None,NaN,0.0,0.6319764137539073,0.0,0.0,0.0,1380.0,51.0
STORM,9,81.20567375886525,IBk,None,SMOTE,None,0.23529411764705882,0.0784313725490196,0.5260230179028133,0.10163852093665751,4.0,13.0,1367.0,47.0
STORM,9,81.20567375886525,RandomForest,BestFirst,SMOTE,None,0.15789473684210525,0.058823529411764705,0.5406294401818699,0.06767652088932251,3.0,16.0,1364.0,48.0
STORM,9,81.20567375886525,NaiveBayes,BestFirst,SMOTE,None,0.0,0.0,0.6323742540494459,-0.003975678203928423,0.0,3.0,1377.0,51.0
STORM,9,81.20567375886525,IBk,BestFirst,SMOTE,None,0.10344827586206896,0.058823529411764705,0.5045893719806763,0.05046537902835363,3.0,26.0,1354.0,48.0
STORM,9,81.20567375886525,RandomForest,None,SMOTE,SensitiveLearning,0.033003300330033,0.39215686274509803,0.5410485933503836,-0.005205184691838806,20.0,586.0,794.0,31.0
STORM,9,81.20567375886525,NaiveBayes,None,SMOTE,SensitiveLearning,0.033003300330033,0.39215686274509803,0.5410485933503836,-0.005205184691838806,20.0,586.0,794.0,31.0
STORM,9,81.20567375886525,IBk,None,SMOTE,SensitiveLearning,0.033003300330033,0.39215686274509803,0.5410485933503836,-0.005205184691838806,20.0,586.0,794.0,31.0
STORM,9,81.20567375886525,RandomForest,BestFirst,SMOTE,SensitiveLearning,0.033003300330033,0.39215686274509803,0.5410628019323671,-0.005205184691838806,20.0,586.0,794.0,31.0
STORM,9,81.20567375886525,NaiveBayes,BestFirst,SMOTE,SensitiveLearning,0.033003300330033,0.39215686274509803,0.5410628019323671,-0.005205184691838806,20.0,586.0,794.0,31.0
STORM,9,81.20567375886525,IBk,BestFirst,SMOTE,SensitiveLearning,0.033003300330033,0.39215686274509803,0.5410628019323671,-0.005205184691838806,20.0,586.0,794.0,31.0
STORM,10,84.77897784211112,RandomForest,None,None,None,0.7115384615384616,0.5967741935483871,0.8701334816462737,0.6339781779235562,37.0,15.0,1290.0,25.0
STORM,10,84.77897784211112,NaiveBayes,None,None,None,0.4642857142857143,0.20967741935483872,0.8813125695216908,0.2682380100035132,13.0,15.0,1290.0,49.0
STORM,10,84.77897784211112,IBk,None,None,None,0.582089552238806,0.6290322580645161,0.7880978865406006,0.5851042937483262,39.0,28.0,1277.0,23.0
STORM,10,84.77897784211112,RandomForest,BestFirst,None,None,0.8043478260869565,0.5967741935483871,0.8552218514398715,0.6725333258179981,37.0,9.0,1296.0,25.0
STORM,10,84.77897784211112,NaiveBayes,BestFirst,None,None,0.8409090909090909,0.5967741935483871,0.8445371400321344,0.6863015073935432,37.0,7.0,1298.0,25.0
STORM,10,84.77897784211112,IBk,BestFirst,None,None,0.7551020408163265,0.5967741935483871,0.8398343838833272,0.6527622356018431,37.0,12.0,1293.0,25.0
STORM,10,84.77897784211112,RandomForest,None,None,SensitiveLearning,0.22018348623853212,0.7741935483870968,0.8522246941045606,0.2929204335897089,48.0,170.0,1135.0,14.0
STORM,10,84.77897784211112,NaiveBayes,None,None,SensitiveLearning,0.5,0.25806451612903225,0.8813125695216908,0.3194089777563644,16.0,16.0,1289.0,46.0
STORM,10,84.77897784211112,IBk,None,None,SensitiveLearning,0.2198952879581152,0.6774193548387096,0.7881102459522926,0.28290917443437713,42.0,149.0,1156.0,20.0
STORM,10,84.77897784211112,RandomForest,BestFirst,None,SensitiveLearning,0.4842105263157895,0.7419354838709677,0.8542887158571252,0.561943216048196,46.0,49.0,1256.0,16.0
STORM,10,84.77897784211112,NaiveBayes,BestFirst,None,SensitiveLearning,0.7307692307692307,0.6129032258064516,0.8445371400321344,0.652279269027378,38.0,14.0,1291.0,24.0
STORM,10,84.77897784211112,IBk,BestFirst,None,SensitiveLearning,0.5,0.7258064516129032,0.8397725868248671,0.5689539425502483,45.0,45.0,1260.0,17.0
STORM,10,84.77897784211112,RandomForest,None,SMOTE,None,0.6724137931034483,0.6290322580645161,0.8559139784946237,0.6339513414260947,39.0,19.0,1286.0,23.0
STORM,10,84.77897784211112,NaiveBayes,None,SMOTE,None,0.6666666666666666,0.6129032258064516,0.9087999011247064,0.6222422158670996,38.0,19.0,1286.0,24.0
STORM,10,84.77897784211112,IBk,None,SMOTE,None,0.5342465753424658,0.6290322580645161,0.7852305030280559,0.5559993845908385,39.0,34.0,1271.0,23.0
STORM,10,84.77897784211112,RandomForest,BestFirst,SMOTE,None,0.7291666666666666,0.5645161290322581,0.8104931405265109,0.6213768366824086,35.0,13.0,1292.0,27.0
STORM,10,84.77897784211112,NaiveBayes,BestFirst,SMOTE,None,0.9444444444444444,0.5483870967741935,0.7882461994809047,0.6833253540485859,34.0,2.0,1303.0,28.0
STORM,10,84.77897784211112,IBk,BestFirst,SMOTE,None,0.7,0.5645161290322581,0.8096341614139168,0.6091733376899204,35.0,15.0,1290.0,27.0
STORM,10,84.77897784211112,RandomForest,None,SMOTE,SensitiveLearning,0.09683794466403162,0.7903225806451613,0.8192497837102954,0.09979095209272099,49.0,457.0,848.0,13.0
STORM,10,84.77897784211112,NaiveBayes,None,SMOTE,SensitiveLearning,0.09683794466403162,0.7903225806451613,0.8192497837102954,0.09979095209272099,49.0,457.0,848.0,13.0
STORM,10,84.77897784211112,IBk,None,SMOTE,SensitiveLearning,0.09683794466403162,0.7903225806451613,0.8192497837102954,0.09979095209272099,49.0,457.0,848.0,13.0
STORM,10,84.77897784211112,RandomForest,BestFirst,SMOTE,SensitiveLearning,0.04642313546423135,0.9838709677419355,0.8454517364973427,0.002233920198177472,61.0,1253.0,52.0,1.0
STORM,10,84.77897784211112,NaiveBayes,BestFirst,SMOTE,SensitiveLearning,0.04642313546423135,0.9838709677419355,0.8454517364973427,0.002233920198177472,61.0,1253.0,52.0,1.0
STORM,10,84.77897784211112,IBk,BestFirst,SMOTE,SensitiveLearning,0.04642313546423135,0.9838709677419355,0.8454517364973427,0.002233920198177472,61.0,1253.0,52.0,1.0
STORM,11,85.32205966178985,RandomForest,None,None,None,0.32432432432432434,0.2926829268292683,0.7402536325895174,0.28981238721100383,12.0,25.0,1479.0,29.0
STORM,11,85.32205966178985,NaiveBayes,None,None,None,0.11538461538461539,0.14634146341463414,0.7152390373637779,0.10239490464133699,6.0,46.0,1458.0,35.0
STORM,11,85.32205966178985,IBk,None,None,None,0.22807017543859648,0.3170731707317073,0.6686478334198236,0.24190382728164928,13.0,44.0,1460.0,28.0
STORM,11,85.32205966178985,RandomForest,BestFirst,None,None,0.4074074074074074,0.2682926829268293,0.6809645822522055,0.3089668047371811,11.0,16.0,1488.0,30.0
STORM,11,85.32205966178985,NaiveBayes,BestFirst,None,None,0.23255813953488372,0.24390243902439024,0.6263460041515309,0.2168168929301265,10.0,33.0,1471.0,31.0
STORM,11,85.32205966178985,IBk,BestFirst,None,None,0.3793103448275862,0.2682926829268293,0.6877108199273482,0.2988692659683105,11.0,18.0,1486.0,30.0
STORM,11,85.32205966178985,RandomForest,None,None,SensitiveLearning,0.11229946524064172,0.5121951219512195,0.7424915672029061,0.1470827422045196,21.0,166.0,1338.0,20.0
STORM,11,85.32205966178985,NaiveBayes,None,None,SensitiveLearning,0.12727272727272726,0.17073170731707318,0.7152390373637779,0.11904596342396091,7.0,48.0,1456.0,34.0
STORM,11,85.32205966178985,IBk,None,None,SensitiveLearning,0.09944751381215469,0.43902439024390244,0.6685262065386611,0.12426709899191847,18.0,163.0,1341.0,23.0
STORM,11,85.32205966178985,RandomForest,BestFirst,None,SensitiveLearning,0.2073170731707317,0.4146341463414634,0.6780779709392839,0.24988134918253685,17.0,65.0,1439.0,24.0
STORM,11,85.32205966178985,NaiveBayes,BestFirst,None,SensitiveLearning,0.20408163265306123,0.24390243902439024,0.6263460041515309,0.19907873689199565,10.0,39.0,1465.0,31.0
STORM,11,85.32205966178985,IBk,BestFirst,None,SensitiveLearning,0.2537313432835821,0.4146341463414634,0.6877108199273482,0.29148643456490214,17.0,50.0,1454.0,24.0
STORM,11,85.32205966178985,RandomForest,None,SMOTE,None,0.28888888888888886,0.3170731707317073,0.7184337701089777,0.28239665582907636,13.0,32.0,1472.0,28.0
STORM,11,85.32205966178985,NaiveBayes,None,SMOTE,None,0.16129032258064516,0.24390243902439024,0.776790347690711,0.16758086607681846,10.0,52.0,1452.0,31.0
STORM,11,85.32205966178985,IBk,None,SMOTE,None,0.2,0.3170731707317073,0.6537120524130773,0.21989396617015822,13.0,52.0,1452.0,28.0
STORM,11,85.32205966178985,RandomForest,BestFirst,SMOTE,None,0.43478260869565216,0.24390243902439024,0.6978545018162947,0.2991319050662922,10.0,13.0,1491.0,31.0
STORM,11,85.32205966178985,NaiveBayes,BestFirst,SMOTE,None,0.6666666666666666,0.24390243902439024,0.6198024779449922,0.34787196623285455,10.0,5.0,1499.0,31.0
STORM,11,85.32205966178985,IBk,BestFirst,SMOTE,None,0.4,0.24390243902439024,0.7006357031655422,0.2887309847878299,10.0,15.0,1489.0,31.0
STORM,11,85.32205966178985,RandomForest,None,SMOTE,SensitiveLearning,0.04173913043478261,0.5853658536585366,0.6678775298391282,0.02985949124998623,24.0,551.0,953.0,17.0
STORM,11,85.32205966178985,NaiveBayes,None,SMOTE,SensitiveLearning,0.04173913043478261,0.5853658536585366,0.6678775298391282,0.02985949124998623,24.0,551.0,953.0,17.0
STORM,11,85.32205966178985,IBk,None,SMOTE,SensitiveLearning,0.04173913043478261,0.5853658536585366,0.6678775298391282,0.02985949124998623,24.0,551.0,953.0,17.0
STORM,11,85.32205966178985,RandomForest,BestFirst,SMOTE,SensitiveLearning,0.026885245901639345,1.0,0.7125308121432278,7.147775908508513E-4,41.0,1484.0,20.0,0.0
STORM,11,85.32205966178985,NaiveBayes,BestFirst,SMOTE,SensitiveLearning,0.026885245901639345,1.0,0.7125308121432278,7.147775908508513E-4,41.0,1484.0,20.0,0.0
STORM,11,85.32205966178985,IBk,BestFirst,SMOTE,SensitiveLearning,0.026885245901639345,1.0,0.7125308121432278,7.147775908508513E-4,41.0,1484.0,20.0,0.0
STORM,12,86.77658697444353,RandomForest,None,None,None,0.2222222222222222,0.034482758620689655,0.5377057590221707,0.05047733593926164,2.0,7.0,1539.0,56.0
STORM,12,86.77658697444353,NaiveBayes,None,None,None,NaN,0.0,0.5562463755185797,0.0,0.0,0.0,1546.0,58.0
STORM,12,86.77658697444353,IBk,None,None,None,0.14285714285714285,0.034482758620689655,0.5402261676406299,0.04208529473758186,2.0,12.0,1534.0,56.0
STORM,12,86.77658697444353,RandomForest,BestFirst,None,None,1.0,0.017241379310344827,0.5051244591158496,0.0327126534066859,1.0,0.0,1546.0,57.0
STORM,12,86.77658697444353,NaiveBayes,BestFirst,None,None,1.0,0.017241379310344827,0.5057601373957265,0.0327126534066859,1.0,0.0,1546.0,57.0
STORM,12,86.77658697444353,IBk,BestFirst,None,None,1.0,0.017241379310344827,0.5057601373957265,0.0327126534066859,1.0,0.0,1546.0,57.0
STORM,12,86.77658697444353,RandomForest,None,None,SensitiveLearning,0.10256410256410256,0.20689655172413793,0.5652629700673596,0.09330358479829862,12.0,105.0,1441.0,46.0
STORM,12,86.77658697444353,NaiveBayes,None,None,SensitiveLearning,NaN,0.0,0.5562463755185797,0.0,0.0,0.0,1546.0,58.0
STORM,12,86.77658697444353,IBk,None,None,SensitiveLearning,0.0784313725490196,0.13793103448275862,0.5399585136280501,0.05650142152217243,8.0,94.0,1452.0,50.0
STORM,12,86.77658697444353,RandomForest,BestFirst,None,SensitiveLearning,0.08333333333333333,0.017241379310344827,0.5051244591158496,0.01637688478464811,1.0,11.0,1535.0,57.0
STORM,12,86.77658697444353,NaiveBayes,BestFirst,None,SensitiveLearning,1.0,0.017241379310344827,0.5057601373957265,0.0327126534066859,1.0,0.0,1546.0,57.0
STORM,12,86.77658697444353,IBk,BestFirst,None,SensitiveLearning,0.08333333333333333,0.017241379310344827,0.5057601373957265,0.01637688478464811,1.0,11.0,1535.0,57.0
STORM,12,86.77658697444353,RandomForest,None,SMOTE,None,0.20833333333333334,0.08620689655172414,0.5425458357496543,0.10296402162430841,5.0,19.0,1527.0,53.0
STORM,12,86.77658697444353,NaiveBayes,None,SMOTE,None,1.0,0.017241379310344827,0.6184424766917964,0.0327126534066859,1.0,0.0,1546.0,57.0
STORM,12,86.77658697444353,IBk,None,SMOTE,None,0.17857142857142858,0.08620689655172414,0.5525047954677254,0.0949694126031952,5.0,23.0,1523.0,53.0
STORM,12,86.77658697444353,RandomForest,BestFirst,SMOTE,None,0.14285714285714285,0.017241379310344827,0.5079794352500334,0.023161395097053727,1.0,6.0,1540.0,57.0
STORM,12,86.77658697444353,NaiveBayes,BestFirst,SMOTE,None,1.0,0.017241379310344827,0.48891466297898917,0.0327126534066859,1.0,0.0,1546.0,57.0
STORM,12,86.77658697444353,IBk,BestFirst,SMOTE,None,0.14285714285714285,0.017241379310344827,0.5130704376143106,0.023161395097053727,1.0,6.0,1540.0,57.0
STORM,12,86.77658697444353,RandomForest,None,SMOTE,SensitiveLearning,0.03969754253308128,0.3620689655172414,0.5356258642994156,0.006821301000699899,21.0,508.0,1038.0,37.0
STORM,12,86.77658697444353,NaiveBayes,None,SMOTE,SensitiveLearning,0.03969754253308128,0.3620689655172414,0.5356258642994156,0.006821301000699899,21.0,508.0,1038.0,37.0
STORM,12,86.77658697444353,IBk,None,SMOTE,SensitiveLearning,0.03969754253308128,0.3620689655172414,0.5356258642994156,0.006821301000699899,21.0,508.0,1038.0,37.0
STORM,12,86.77658697444353,RandomForest,BestFirst,SMOTE,SensitiveLearning,0.036455059710873663,1.0,0.49527144577775795,6.128985059582824E-4,58.0,1533.0,13.0,0.0
STORM,12,86.77658697444353,NaiveBayes,BestFirst,SMOTE,SensitiveLearning,0.036455059710873663,1.0,0.49527144577775795,6.128985059582824E-4,58.0,1533.0,13.0,0.0
STORM,12,86.77658697444353,IBk,BestFirst,SMOTE,SensitiveLearning,0.036455059710873663,1.0,0.49527144577775795,6.128985059582824E-4,58.0,1533.0,13.0,0.0
STORM,13,88.08365405562414,RandomForest,None,None,None,0.7317073170731707,0.44776119402985076,0.7830150838376135,0.5261790182868139,60.0,22.0,1485.0,74.0
STORM,13,88.08365405562414,NaiveBayes,None,None,None,0.5125,0.30597014925373134,0.8499762303281205,0.34307047498893056,41.0,39.0,1468.0,93.0
STORM,13,88.08365405562414,IBk,None,None,None,0.44,0.41044776119402987,0.662782636254692,0.3754862471553102,55.0,70.0,1437.0,79.0
STORM,13,88.08365405562414,RandomForest,BestFirst,None,None,0.8378378378378378,0.4626865671641791,0.7722172151848588,0.5712419439122104,62.0,12.0,1495.0,72.0
STORM,13,88.08365405562414,NaiveBayes,BestFirst,None,None,0.775,0.4626865671641791,0.741435490100922,0.5520935056742708,62.0,18.0,1489.0,72.0
STORM,13,88.08365405562414,IBk,BestFirst,None,None,0.7875,0.4701492537313433,0.7466029177272232,0.562046983325954,63.0,17.0,1490.0,71.0
STORM,13,88.08365405562414,RandomForest,None,None,SensitiveLearning,0.32857142857142857,0.5149253731343284,0.7508121304558825,0.334848413298073,69.0,141.0,1366.0,65.0
STORM,13,88.08365405562414,NaiveBayes,None,None,SensitiveLearning,0.5301204819277109,0.3283582089552239,0.8498474779387732,0.36592152833732233,44.0,39.0,1468.0,90.0
STORM,13,88.08365405562414,IBk,None,None,SensitiveLearning,0.35,0.417910447761194,0.662782636254692,0.3205649105725092,56.0,104.0,1403.0,78.0
STORM,13,88.08365405562414,RandomForest,BestFirst,None,SensitiveLearning,0.2694805194805195,0.6194029850746269,0.7711698640176687,0.29537725311071655,83.0,225.0,1282.0,51.0
STORM,13,88.08365405562414,NaiveBayes,BestFirst,None,SensitiveLearning,0.6464646464646465,0.47761194029850745,0.741435490100922,0.5157537076226528,64.0,35.0,1472.0,70.0
STORM,13,88.08365405562414,IBk,BestFirst,None,SensitiveLearning,0.27241379310344827,0.5895522388059702,0.7466920539967713,0.29375275052421757,79.0,211.0,1296.0,55.0
STORM,13,88.08365405562414,RandomForest,None,SMOTE,None,0.5981308411214953,0.47761194029850745,0.7551104794540898,0.4944643611728305,64.0,43.0,1464.0,70.0
STORM,13,88.08365405562414,NaiveBayes,None,SMOTE,None,0.6283185840707964,0.5298507462686567,0.8657211619407937,0.5405726809992455,71.0,42.0,1465.0,63.0
STORM,13,88.08365405562414,IBk,None,SMOTE,None,0.3625,0.43283582089552236,0.6593979340193524,0.3354975499005858,58.0,102.0,1405.0,76.0
STORM,13,88.08365405562414,RandomForest,BestFirst,SMOTE,None,0.6666666666666666,0.44776119402985076,0.7367335518822609,0.5031094961917407,60.0,30.0,1477.0,74.0
STORM,13,88.08365405562414,NaiveBayes,BestFirst,SMOTE,None,0.8529411764705882,0.43283582089552236,0.7812274064316771,0.549489558127805,58.0,10.0,1497.0,76.0
STORM,13,88.08365405562414,IBk,BestFirst,SMOTE,None,0.648936170212766,0.4552238805970149,0.7496756430191445,0.5015245475074219,61.0,33.0,1474.0,73.0
STORM,13,88.08365405562414,RandomForest,None,SMOTE,SensitiveLearning,0.12131147540983607,0.5522388059701493,0.684497221919599,0.07507679038871842,74.0,536.0,971.0,60.0
STORM,13,88.08365405562414,NaiveBayes,None,SMOTE,SensitiveLearning,0.12131147540983607,0.5522388059701493,0.684497221919599,0.07507679038871842,74.0,536.0,971.0,60.0
STORM,13,88.08365405562414,IBk,None,SMOTE,SensitiveLearning,0.12131147540983607,0.5522388059701493,0.684497221919599,0.07507679038871842,74.0,536.0,971.0,60.0
STORM,13,88.08365405562414,RandomForest,BestFirst,SMOTE,SensitiveLearning,0.07845659163987138,0.9104477611940298,0.7747328387921045,-0.006936998414800735,122.0,1433.0,74.0,12.0
STORM,13,88.08365405562414,NaiveBayes,BestFirst,SMOTE,SensitiveLearning,0.07845659163987138,0.9104477611940298,0.7747328387921045,-0.006936998414800735,122.0,1433.0,74.0,12.0
STORM,13,88.08365405562414,IBk,BestFirst,SMOTE,SensitiveLearning,0.07845659163987138,0.9104477611940298,0.7747328387921045,-0.006936998414800735,122.0,1433.0,74.0,12.0
STORM,14,87.7916613540737,RandomForest,None,None,None,0.859375,0.4296875,0.761860835198657,0.5529980415376206,55.0,9.0,1778.0,73.0
STORM,14,87.7916613540737,NaiveBayes,None,None,None,0.6666666666666666,0.015625,0.8079729469781757,0.027557307764586696,2.0,1.0,1786.0,126.0
STORM,14,87.7916613540737,IBk,None,None,None,0.7432432432432432,0.4296875,0.7039600237828764,0.5211016456184803,55.0,19.0,1768.0,73.0
STORM,14,87.7916613540737,RandomForest,BestFirst,None,None,0.9655172413793104,0.4375,0.7533794418019026,0.5848445254319719,56.0,2.0,1785.0,72.0
STORM,14,87.7916613540737,NaiveBayes,BestFirst,None,None,1.0,0.4375,0.7432760912143257,0.5920999692329538,56.0,0.0,1787.0,72.0
STORM,14,87.7916613540737,IBk,BestFirst,None,None,0.9491525423728814,0.4375,0.7532242410464466,0.5812694423631423,56.0,3.0,1784.0,72.0
STORM,14,87.7916613540737,RandomForest,None,None,SensitiveLearning,0.4066666666666667,0.4765625,0.7369543928371572,0.39522643075490405,61.0,89.0,1698.0,67.0
STORM,14,87.7916613540737,NaiveBayes,None,None,SensitiveLearning,0.75,0.0234375,0.8079729469781757,0.04157199828405221,3.0,1.0,1786.0,125.0
STORM,14,87.7916613540737,IBk,None,None,SensitiveLearning,0.3972602739726027,0.453125,0.7039447222999441,0.37913217628977247,58.0,88.0,1699.0,70.0
STORM,14,87.7916613540737,RandomForest,BestFirst,None,SensitiveLearning,0.6938775510204082,0.53125,0.7533444669837717,0.5772647669130885,68.0,30.0,1757.0,60.0
STORM,14,87.7916613540737,NaiveBayes,BestFirst,None,SensitiveLearning,1.0,0.4375,0.7432760912143257,0.5920999692329538,56.0,0.0,1787.0,72.0
STORM,14,87.7916613540737,IBk,BestFirst,None,SensitiveLearning,0.6938775510204082,0.53125,0.7532329847509793,0.5772647669130885,68.0,30.0,1757.0,60.0
STORM,14,87.7916613540737,RandomForest,None,SMOTE,None,0.631578947368421,0.46875,0.7734987059317292,0.5102240983301259,60.0,35.0,1752.0,68.0
STORM,14,87.7916613540737,NaiveBayes,None,SMOTE,None,0.9824561403508771,0.4375,0.7975023608002239,0.5884545296644219,56.0,1.0,1786.0,72.0
STORM,14,87.7916613540737,IBk,None,SMOTE,None,0.58,0.453125,0.7127977231393396,0.47817624446498946,58.0,42.0,1745.0,70.0
STORM,14,87.7916613540737,RandomForest,BestFirst,SMOTE,None,0.7590361445783133,0.4921875,0.7956202783995523,0.5747968350412862,63.0,20.0,1767.0,65.0
STORM,14,87.7916613540737,NaiveBayes,BestFirst,SMOTE,None,1.0,0.4296875,0.7614608107162842,0.5843949281286694,55.0,0.0,1787.0,73.0
STORM,14,87.7916613540737,IBk,BestFirst,SMOTE,None,0.7191011235955056,0.5,0.7886253147733632,0.5660703055979186,64.0,25.0,1762.0,64.0
STORM,14,87.7916613540737,RandomForest,None,SMOTE,SensitiveLearning,0.09988109393579073,0.65625,0.6958261926412983,0.0648792719065997,84.0,757.0,1030.0,44.0
STORM,14,87.7916613540737,NaiveBayes,None,SMOTE,SensitiveLearning,0.09988109393579073,0.65625,0.6958261926412983,0.0648792719065997,84.0,757.0,1030.0,44.0
STORM,14,87.7916613540737,IBk,None,SMOTE,SensitiveLearning,0.09988109393579073,0.65625,0.6958261926412983,0.0648792719065997,84.0,757.0,1030.0,44.0
STORM,14,87.7916613540737,RandomForest,BestFirst,SMOTE,SensitiveLearning,0.10101010101010101,0.703125,0.7230825055959709,0.06766363622120276,90.0,801.0,986.0,38.0
STORM,14,87.7916613540737,NaiveBayes,BestFirst,SMOTE,SensitiveLearning,0.10101010101010101,0.703125,0.7230825055959709,0.06766363622120276,90.0,801.0,986.0,38.0
STORM,14,87.7916613540737,IBk,BestFirst,SMOTE,SensitiveLearning,0.10101010101010101,0.703125,0.7230825055959709,0.06766363622120276,90.0,801.0,986.0,38.0
STORM,15,90.29992516262736,RandomForest,None,None,None,0.4794520547945205,0.44871794871794873,0.8723972045378393,0.4384419474422637,35.0,38.0,1569.0,43.0
STORM,15,90.29992516262736,NaiveBayes,None,None,None,0.38461538461538464,0.1282051282051282,0.9099771831570214,0.17317038975605176,10.0,16.0,1591.0,68.0
STORM,15,90.29992516262736,IBk,None,None,None,0.32432432432432434,0.46153846153846156,0.6525297975204634,0.3453572816114284,36.0,75.0,1532.0,42.0
STORM,15,90.29992516262736,RandomForest,BestFirst,None,None,0.7619047619047619,0.41025641025641024,0.7892154516298885,0.5177052666012439,32.0,10.0,1597.0,46.0
STORM,15,90.29992516262736,NaiveBayes,BestFirst,None,None,0.7111111111111111,0.41025641025641024,0.7917643961514528,0.5035083776562544,32.0,13.0,1594.0,46.0
STORM,15,90.29992516262736,IBk,BestFirst,None,None,0.6037735849056604,0.41025641025641024,0.7881424217765226,0.46864689575322327,32.0,21.0,1586.0,46.0
STORM,15,90.29992516262736,RandomForest,None,None,SensitiveLearning,0.20670391061452514,0.47435897435897434,0.776825746334147,0.23885703283710255,37.0,142.0,1465.0,41.0
STORM,15,90.29992516262736,NaiveBayes,None,None,SensitiveLearning,0.3793103448275862,0.14102564102564102,0.9099771831570214,0.18516137474327463,11.0,18.0,1589.0,67.0
STORM,15,90.29992516262736,IBk,None,None,SensitiveLearning,0.24489795918367346,0.46153846153846156,0.6525297975204634,0.27622103747125853,36.0,111.0,1496.0,42.0
STORM,15,90.29992516262736,RandomForest,BestFirst,None,SensitiveLearning,0.19,0.7307692307692307,0.7882142230306511,0.2461999898327491,57.0,243.0,1364.0,21.0
STORM,15,90.29992516262736,NaiveBayes,BestFirst,None,SensitiveLearning,0.64,0.41025641025641024,0.7917643961514528,0.4812391764479515,32.0,18.0,1589.0,46.0
STORM,15,90.29992516262736,IBk,BestFirst,None,SensitiveLearning,0.1912751677852349,0.7307692307692307,0.7881144990665837,0.24801387223372956,57.0,241.0,1366.0,21.0
STORM,15,90.29992516262736,RandomForest,None,SMOTE,None,0.43529411764705883,0.47435897435897434,0.8175889138863626,0.4262897147994412,37.0,48.0,1559.0,41.0
STORM,15,90.29992516262736,NaiveBayes,None,SMOTE,None,0.6274509803921569,0.41025641025641024,0.9181026917492381,0.4769804545172365,32.0,19.0,1588.0,46.0
STORM,15,90.29992516262736,IBk,None,SMOTE,None,0.29770992366412213,0.5,0.6681026917492381,0.3345923931884153,39.0,92.0,1515.0,39.0
STORM,15,90.29992516262736,RandomForest,BestFirst,SMOTE,None,0.6181818181818182,0.4358974358974359,0.7604949499784597,0.49182229439740194,34.0,21.0,1586.0,44.0
STORM,15,90.29992516262736,NaiveBayes,BestFirst,SMOTE,None,0.8888888888888888,0.41025641025641024,0.7031297368882932,0.548194386348767,32.0,4.0,1603.0,46.0
STORM,15,90.29992516262736,IBk,BestFirst,SMOTE,None,0.5862068965517241,0.4358974358974359,0.7538014775102516,0.4794468270698553,34.0,24.0,1583.0,44.0
STORM,15,90.29992516262736,RandomForest,None,SMOTE,SensitiveLearning,0.060723514211886306,0.6025641025641025,0.6977645876214638,0.02863083667205138,47.0,727.0,880.0,31.0
STORM,15,90.29992516262736,NaiveBayes,None,SMOTE,SensitiveLearning,0.060723514211886306,0.6025641025641025,0.6977645876214638,0.02863083667205138,47.0,727.0,880.0,31.0
STORM,15,90.29992516262736,IBk,None,SMOTE,SensitiveLearning,0.060723514211886306,0.6025641025641025,0.6977645876214638,0.02863083667205138,47.0,727.0,880.0,31.0
STORM,15,90.29992516262736,RandomForest,BestFirst,SMOTE,SensitiveLearning,0.04455445544554455,0.9230769230769231,0.8074250474686069,-0.0036337170204442585,72.0,1544.0,63.0,6.0
STORM,15,90.29992516262736,NaiveBayes,BestFirst,SMOTE,SensitiveLearning,0.04455445544554455,0.9230769230769231,0.8074250474686069,-0.0036337170204442585,72.0,1544.0,63.0,6.0
STORM,15,90.29992516262736,IBk,BestFirst,SMOTE,SensitiveLearning,0.04455445544554455,0.9230769230769231,0.8074250474686069,-0.0036337170204442585,72.0,1544.0,63.0,6.0
STORM,16,89.58279614254036,RandomForest,None,None,None,0.21212121212121213,0.13725490196078433,0.5750505382447545,0.1498009788712918,7.0,26.0,1943.0,44.0
STORM,16,89.58279614254036,NaiveBayes,None,None,None,0.058823529411764705,0.0196078431372549,0.7874904151604776,0.01700263961187214,1.0,16.0,1953.0,50.0
STORM,16,89.58279614254036,IBk,None,None,None,0.14893617021276595,0.13725490196078433,0.49735109889562734,0.12158454386382658,7.0,40.0,1929.0,44.0
STORM,16,89.58279614254036,RandomForest,BestFirst,None,None,0.8333333333333334,0.09803921568627451,0.5793425546958245,0.17103241128806754,5.0,1.0,1968.0,46.0
STORM,16,89.58279614254036,NaiveBayes,BestFirst,None,None,0.3157894736842105,0.11764705882352941,0.5646839741483185,0.15991452868881656,6.0,13.0,1956.0,45.0
STORM,16,89.58279614254036,IBk,BestFirst,None,None,0.7142857142857143,0.09803921568627451,0.5613429729433673,0.16733936760386586,5.0,2.0,1967.0,46.0
STORM,16,89.58279614254036,RandomForest,None,None,SensitiveLearning,0.10416666666666667,0.29411764705882354,0.5501000806620261,0.1210721179709506,15.0,129.0,1840.0,36.0
STORM,16,89.58279614254036,NaiveBayes,None,None,SensitiveLearning,0.058823529411764705,0.0196078431372549,0.7874904151604776,0.01700263961187214,1.0,16.0,1953.0,50.0
STORM,16,89.58279614254036,IBk,None,None,SensitiveLearning,0.08571428571428572,0.23529411764705882,0.49734114062079887,0.09204930828443844,12.0,128.0,1841.0,39.0
STORM,16,89.58279614254036,RandomForest,BestFirst,None,SensitiveLearning,0.15,0.17647058823529413,0.5790836395502843,0.1386519944979361,9.0,51.0,1918.0,42.0
STORM,16,89.58279614254036,NaiveBayes,BestFirst,None,SensitiveLearning,0.2608695652173913,0.11764705882352941,0.5646839741483185,0.14880313183900376,6.0,17.0,1952.0,45.0
STORM,16,89.58279614254036,IBk,BestFirst,None,SensitiveLearning,0.125,0.13725490196078433,0.5613429729433673,0.1072480848556276,7.0,49.0,1920.0,44.0
STORM,16,89.58279614254036,RandomForest,None,SMOTE,None,0.125,0.19607843137254902,0.5789641402523427,0.12571161194728203,10.0,70.0,1899.0,41.0
STORM,16,89.58279614254036,NaiveBayes,None,SMOTE,None,0.2727272727272727,0.11764705882352941,0.7201724773200291,0.15147091229616583,6.0,16.0,1953.0,45.0
STORM,16,89.58279614254036,IBk,None,SMOTE,None,0.10989010989010989,0.19607843137254902,0.5030223364104403,0.11211350420452647,10.0,81.0,1888.0,41.0
STORM,16,89.58279614254036,RandomForest,BestFirst,SMOTE,None,0.23214285714285715,0.2549019607843137,0.6154462800864379,0.22244188035812726,13.0,43.0,1926.0,38.0
STORM,16,89.58279614254036,NaiveBayes,BestFirst,SMOTE,None,1.0,0.09803921568627451,0.6536312849162011,0.17485125654915046,5.0,0.0,1969.0,46.0
STORM,16,89.58279614254036,IBk,BestFirst,SMOTE,None,0.22033898305084745,0.2549019607843137,0.5626624443581394,0.21510579049134484,13.0,46.0,1923.0,38.0
STORM,16,89.58279614254036,RandomForest,None,SMOTE,SensitiveLearning,0.022540983606557378,0.43137254901960786,0.5383045041277049,-0.005403577135658544,22.0,954.0,1015.0,29.0
STORM,16,89.58279614254036,NaiveBayes,None,SMOTE,SensitiveLearning,0.022540983606557378,0.43137254901960786,0.5383045041277049,-0.005403577135658544,22.0,954.0,1015.0,29.0
STORM,16,89.58279614254036,IBk,None,SMOTE,SensitiveLearning,0.022540983606557378,0.43137254901960786,0.5383045041277049,-0.005403577135658544,22.0,954.0,1015.0,29.0
STORM,16,89.58279614254036,RandomForest,BestFirst,SMOTE,SensitiveLearning,0.02524752475247525,1.0,0.5737360459673966,0.0,51.0,1969.0,0.0,0.0
STORM,16,89.58279614254036,NaiveBayes,BestFirst,SMOTE,SensitiveLearning,0.02524752475247525,1.0,0.5737360459673966,0.0,51.0,1969.0,0.0,0.0
STORM,16,89.58279614254036,IBk,BestFirst,SMOTE,SensitiveLearning,0.02524752475247525,1.0,0.5737360459673966,0.0,51.0,1969.0,0.0,0.0
STORM,17,90.40936217829169,RandomForest,None,None,None,0.5,0.4918032786885246,0.844307467393804,0.4805921093481595,30.0,30.0,1966.0,31.0
STORM,17,90.40936217829169,NaiveBayes,None,None,None,0.25,0.16393442622950818,0.913503235980157,0.17872898357132652,10.0,30.0,1966.0,51.0
STORM,17,90.40936217829169,IBk,None,None,None,0.3698630136986301,0.4426229508196721,0.6462638391537173,0.3830511524676455,27.0,46.0,1950.0,34.0
STORM,17,90.40936217829169,RandomForest,BestFirst,None,None,0.8888888888888888,0.5245901639344263,0.7513182101908735,0.6521367039567088,32.0,4.0,1992.0,29.0
STORM,17,90.40936217829169,NaiveBayes,BestFirst,None,None,0.5483870967741935,0.5573770491803278,0.8098286737409245,0.5390654601604422,34.0,28.0,1968.0,27.0
STORM,17,90.40936217829169,IBk,BestFirst,None,None,0.8648648648648649,0.5245901639344263,0.7369739478957916,0.6451144759275812,32.0,5.0,1991.0,29.0
STORM,17,90.40936217829169,RandomForest,None,None,SensitiveLearning,0.20786516853932585,0.6065573770491803,0.831441571667926,0.27771878265273797,37.0,141.0,1855.0,24.0
STORM,17,90.40936217829169,NaiveBayes,None,None,SensitiveLearning,0.24390243902439024,0.16393442622950818,0.913503235980157,0.17644473956604112,10.0,31.0,1965.0,51.0
STORM,17,90.40936217829169,IBk,None,None,SensitiveLearning,0.224,0.45901639344262296,0.646259732579914,0.27206058494305113,28.0,97.0,1899.0,33.0
STORM,17,90.40936217829169,RandomForest,BestFirst,None,SensitiveLearning,0.20320855614973263,0.6229508196721312,0.7506570518085351,0.2739831158864153,38.0,149.0,1847.0,23.0
STORM,17,90.40936217829169,NaiveBayes,BestFirst,None,SensitiveLearning,0.3695652173913043,0.5573770491803278,0.8098286737409245,0.423898753529689,34.0,58.0,1938.0,27.0
STORM,17,90.40936217829169,IBk,BestFirst,None,SensitiveLearning,0.193717277486911,0.6065573770491803,0.7369739478957916,0.2604037474094156,37.0,154.0,1842.0,24.0
STORM,17,90.40936217829169,RandomForest,None,SMOTE,None,0.3626373626373626,0.5409836065573771,0.819577679950064,0.4133809962793723,33.0,58.0,1938.0,28.0
STORM,17,90.40936217829169,NaiveBayes,None,SMOTE,None,0.5441176470588235,0.6065573770491803,0.9228826505469956,0.5598836055816413,37.0,31.0,1965.0,24.0
STORM,17,90.40936217829169,IBk,None,SMOTE,None,0.31521739130434784,0.47540983606557374,0.6582468215118762,0.35612213629788725,29.0,63.0,1933.0,32.0
STORM,17,90.40936217829169,RandomForest,BestFirst,SMOTE,None,0.5862068965517241,0.5573770491803278,0.7480247380005913,0.5586709688818579,34.0,24.0,1972.0,27.0
STORM,17,90.40936217829169,NaiveBayes,BestFirst,SMOTE,None,1.0,0.5081967213114754,0.8783468576497256,0.6672633747074876,31.0,0.0,1996.0,30.0
STORM,17,90.40936217829169,IBk,BestFirst,SMOTE,None,0.576271186440678,0.5573770491803278,0.6989429679030191,0.5536508625366172,34.0,25.0,1971.0,27.0
STORM,17,90.40936217829169,RandomForest,None,SMOTE,SensitiveLearning,0.04357066950053135,0.6721311475409836,0.7203258976970334,0.02767901549186347,41.0,900.0,1096.0,20.0
STORM,17,90.40936217829169,NaiveBayes,None,SMOTE,SensitiveLearning,0.04357066950053135,0.6721311475409836,0.7203258976970334,0.02767901549186347,41.0,900.0,1096.0,20.0
STORM,17,90.40936217829169,IBk,None,SMOTE,SensitiveLearning,0.04357066950053135,0.6721311475409836,0.7203258976970334,0.02767901549186347,41.0,900.0,1096.0,20.0
STORM,17,90.40936217829169,RandomForest,BestFirst,SMOTE,SensitiveLearning,0.028762198253723677,0.9180327868852459,0.7963837511087749,-0.0018366666478290513,56.0,1891.0,105.0,5.0
STORM,17,90.40936217829169,NaiveBayes,BestFirst,SMOTE,SensitiveLearning,0.028762198253723677,0.9180327868852459,0.7963837511087749,-0.0018366666478290513,56.0,1891.0,105.0,5.0
STORM,17,90.40936217829169,IBk,BestFirst,SMOTE,SensitiveLearning,0.028762198253723677,0.9180327868852459,0.7963837511087749,-0.0018366666478290513,56.0,1891.0,105.0,5.0
STORM,18,90.98544945488483,RandomForest,None,None,None,0.41379310344827586,0.6,0.9082254196642686,0.47816904867147897,24.0,34.0,2051.0,16.0
STORM,18,90.98544945488483,NaiveBayes,None,None,None,0.35714285714285715,0.5,0.9332553956834533,0.4035685645549328,20.0,36.0,2049.0,20.0
STORM,18,90.98544945488483,IBk,None,None,None,0.23853211009174313,0.65,0.7549880095923261,0.3305565028174276,26.0,83.0,2002.0,14.0
STORM,18,90.98544945488483,RandomForest,BestFirst,None,None,0.7222222222222222,0.65,0.8720563549160671,0.6784768629428835,26.0,10.0,2075.0,14.0
STORM,18,90.98544945488483,NaiveBayes,BestFirst,None,None,0.6666666666666666,0.7,0.8844964028776978,0.6766926092808252,28.0,14.0,2071.0,12.0
STORM,18,90.98544945488483,IBk,BestFirst,None,None,0.6923076923076923,0.675,0.8483752997601919,0.6775515158872272,27.0,12.0,2073.0,13.0
STORM,18,90.98544945488483,RandomForest,None,None,SensitiveLearning,0.16470588235294117,0.7,0.8688009592326139,0.24361493123772174,28.0,142.0,1943.0,12.0
STORM,18,90.98544945488483,NaiveBayes,None,None,SensitiveLearning,0.3076923076923077,0.5,0.9331774580335731,0.3661810255821948,20.0,45.0,2040.0,20.0
STORM,18,90.98544945488483,IBk,None,None,SensitiveLearning,0.16981132075471697,0.675,0.7549520383693046,0.24875961526739915,27.0,132.0,1953.0,13.0
STORM,18,90.98544945488483,RandomForest,BestFirst,None,SensitiveLearning,0.13191489361702127,0.775,0.8685911270983213,0.1997082615037794,31.0,204.0,1881.0,9.0
STORM,18,90.98544945488483,NaiveBayes,BestFirst,None,SensitiveLearning,0.5272727272727272,0.725,0.8844964028776978,0.6018483352323083,29.0,26.0,2059.0,11.0
STORM,18,90.98544945488483,IBk,BestFirst,None,SensitiveLearning,0.1308016877637131,0.775,0.8485071942446043,0.19799355761719578,31.0,206.0,1879.0,9.0
STORM,18,90.98544945488483,RandomForest,None,SMOTE,None,0.25,0.65,0.8944184652278178,0.34325450147809716,26.0,78.0,2007.0,14.0
STORM,18,90.98544945488483,NaiveBayes,None,SMOTE,None,0.35365853658536583,0.725,0.9433752997601919,0.46179112746843864,29.0,53.0,2032.0,11.0
STORM,18,90.98544945488483,IBk,None,SMOTE,None,0.19548872180451127,0.65,0.7493045563549161,0.2797316413854917,26.0,107.0,1978.0,14.0
STORM,18,90.98544945488483,RandomForest,BestFirst,SMOTE,None,0.34177215189873417,0.675,0.8398381294964029,0.43978017075297565,27.0,52.0,2033.0,13.0
STORM,18,90.98544945488483,NaiveBayes,BestFirst,SMOTE,None,0.8888888888888888,0.6,0.9174100719424461,0.7120493527796604,24.0,3.0,2082.0,16.0
STORM,18,90.98544945488483,IBk,BestFirst,SMOTE,None,0.3333333333333333,0.675,0.7802278177458034,0.43196552893534595,27.0,54.0,2031.0,13.0
STORM,18,90.98544945488483,RandomForest,None,SMOTE,SensitiveLearning,0.030364372469635626,0.75,0.7891666666666667,0.02301634797146465,30.0,958.0,1127.0,10.0
STORM,18,90.98544945488483,NaiveBayes,None,SMOTE,SensitiveLearning,0.030364372469635626,0.75,0.7891666666666667,0.02301634797146465,30.0,958.0,1127.0,10.0
STORM,18,90.98544945488483,IBk,None,SMOTE,SensitiveLearning,0.030364372469635626,0.75,0.7891666666666667,0.02301634797146465,30.0,958.0,1127.0,10.0
STORM,18,90.98544945488483,RandomForest,BestFirst,SMOTE,SensitiveLearning,0.018235584031542632,0.925,0.8577817745803358,-0.0011973629674763616,37.0,1992.0,93.0,3.0
STORM,18,90.98544945488483,NaiveBayes,BestFirst,SMOTE,SensitiveLearning,0.018235584031542632,0.925,0.8577817745803358,-0.0011973629674763616,37.0,1992.0,93.0,3.0
STORM,18,90.98544945488483,IBk,BestFirst,SMOTE,SensitiveLearning,0.018235584031542632,0.925,0.8577817745803358,-0.0011973629674763616,37.0,1992.0,93.0,3.0
STORM,19,91.7308739979765,RandomForest,None,None,None,0.38461538461538464,0.18518518518518517,0.4554602266709035,0.24375430022064193,5.0,8.0,2090.0,22.0
STORM,19,91.7308739979765,NaiveBayes,None,None,None,NaN,0.0,0.8757635137520743,0.0,0.0,0.0,2098.0,27.0
STORM,19,91.7308739979765,IBk,None,None,None,0.375,0.2222222222222222,0.4883575186244395,0.2721879108616604,6.0,10.0,2088.0,21.0
STORM,19,91.7308739979765,RandomForest,BestFirst,None,None,NaN,0.0,0.5185185185185185,0.0,0.0,0.0,2098.0,27.0
STORM,19,91.7308739979765,NaiveBayes,BestFirst,None,None,NaN,0.0,0.5185185185185185,0.0,0.0,0.0,2098.0,27.0
STORM,19,91.7308739979765,IBk,BestFirst,None,None,NaN,0.0,0.5185185185185185,0.0,0.0,0.0,2098.0,27.0
STORM,19,91.7308739979765,RandomForest,None,None,SensitiveLearning,0.07058823529411765,0.2222222222222222,0.46321011192317196,0.08958485069191428,6.0,79.0,2019.0,21.0
STORM,19,91.7308739979765,NaiveBayes,None,None,SensitiveLearning,NaN,0.0,0.8757635137520743,0.0,0.0,0.0,2098.0,27.0
STORM,19,91.7308739979765,IBk,None,None,SensitiveLearning,0.09722222222222222,0.25925925925925924,0.4883751721215973,0.12524759427954188,7.0,65.0,2033.0,20.0
STORM,19,91.7308739979765,RandomForest,BestFirst,None,SensitiveLearning,1.0,0.037037037037037035,0.5185185185185185,0.0705850688019432,1.0,0.0,2098.0,26.0
STORM,19,91.7308739979765,NaiveBayes,BestFirst,None,SensitiveLearning,NaN,0.0,0.5185185185185185,0.0,0.0,0.0,2098.0,27.0
STORM,19,91.7308739979765,IBk,BestFirst,None,SensitiveLearning,1.0,0.037037037037037035,0.5185185185185185,0.0705850688019432,1.0,0.0,2098.0,26.0
STORM,19,91.7308739979765,RandomForest,None,SMOTE,None,0.10526315789473684,0.2222222222222222,0.483343925431628,0.12781749153469993,6.0,51.0,2047.0,21.0
STORM,19,91.7308739979765,NaiveBayes,None,SMOTE,None,NaN,0.0,0.651555273099601,0.0,0.0,0.0,2098.0,27.0
STORM,19,91.7308739979765,IBk,None,SMOTE,None,0.12280701754385964,0.25925925925925924,0.5041750520778167,0.1520447834365135,7.0,50.0,2048.0,20.0
STORM,19,91.7308739979765,RandomForest,BestFirst,SMOTE,None,0.17857142857142858,0.18518518518518517,0.5370370370370371,0.1710947184105846,5.0,23.0,2075.0,22.0
STORM,19,91.7308739979765,NaiveBayes,BestFirst,SMOTE,None,NaN,0.0,0.6319687180030364,0.0,0.0,0.0,2098.0,27.0
STORM,19,91.7308739979765,IBk,BestFirst,SMOTE,None,0.20689655172413793,0.2222222222222222,0.498508279490167,0.203808096462695,6.0,23.0,2075.0,21.0
STORM,19,91.7308739979765,RandomForest,None,SMOTE,SensitiveLearning,0.009107468123861567,0.37037037037037035,0.4706334074780214,-0.0072027462400267046,10.0,1088.0,1010.0,17.0
STORM,19,91.7308739979765,NaiveBayes,None,SMOTE,SensitiveLearning,0.009107468123861567,0.37037037037037035,0.4706334074780214,-0.0072027462400267046,10.0,1088.0,1010.0,17.0
STORM,19,91.7308739979765,IBk,None,SMOTE,SensitiveLearning,0.009107468123861567,0.37037037037037035,0.4706334074780214,-0.0072027462400267046,10.0,1088.0,1010.0,17.0
STORM,19,91.7308739979765,RandomForest,BestFirst,SMOTE,SensitiveLearning,0.012705882352941176,1.0,0.5,0.0,27.0,2098.0,0.0,0.0
STORM,19,91.7308739979765,NaiveBayes,BestFirst,SMOTE,SensitiveLearning,0.012705882352941176,1.0,0.5,0.0,27.0,2098.0,0.0,0.0
STORM,19,91.7308739979765,IBk,BestFirst,SMOTE,SensitiveLearning,0.012705882352941176,1.0,0.5,0.0,27.0,2098.0,0.0,0.0
